315 Chestnut Street, St Louis, MO, 63102, USA
525 South Jefferson Avenue, St Louis, MO, 63103, USA
4550 Forest Park Avenue, St Louis, MO, 63108, USA
800 Washington Avenue, St Louis, MO, 63101, USA
2 South 4th Street, St Louis, MO, 63102, USA
333 Washington Avenue, St Louis, MO, 63102, USA
999 North Second Street, St Louis, MO, 63102, USA
One South Broadway, St Louis, MO, 63102, USA
400 South 14th Street, St Louis, MO, 63103, USA
212 North Kingshighway, St Louis, MO, 63108, USA
1820 Market Street, St Louis, MO, 63103, USA
200 North Fourth St, St Louis, MO, 63102, USA
10330 Natural Bridge Road, St Louis, MO, 63134, USA
811 Spruce Street, St Louis, MO, 63102, USA
400 Olive Street, St Louis, MO, 63102, USA
811 N. 9th Street, St Louis, MO, 63101, USA
12031 Lackland Road, St Louis, MO, 63146, USA
711 North Broadway, St Louis, MO, 63102, USA
610 N 7th St, St. Louis, MO 63101
2211 Market Street, St Louis, MO, 63103, USA
5650 Oakland Avenue, St Louis, MO, 63110, USA
5823 Wilson Avenue, St Louis, MO, 63110 , USA
2340 Market Street, St Louis, MO, 63103, USA
201 South 20th Street, St Louis, MO, 63103, USA
4200 MidAmerica Lane, St Louis, MO, 63129, USA
421 North 8th Street, St Louis, MO, 63101, USA
6177 Delmar in The Loop, St Louis, MO, 63112, USA
2625 Lafayette, St Louis, MO, 63104, USA
11888 Westline Industrial Drive, St Louis, MO, 63146, USA
405 Washington Avenue, St Louis, MO, 63102, USA
1200 South Kirkwood Road, St Louis, MO, 63122, USA
10700 Pear Tree Lane, St Louis, MO, 63134, USA
1881 Craigshire Road, St Louis, MO, 63146, USA
9801 Natural Bridge Road, St Louis, MO, 63134, USA
6224 Heimos Industrial Park Drive, St Louis, MO, 63129, USA
660 Maryville Centre Drive, St Louis, MO, 63141, USA
777 River City Casino Blvd, St Louis, MO, 63125, USA
13735 Riverport Drive, St Louis, MO, 63043, USA
10810 Pear Tree Lane, St Louis, MO, 63074, USA
827 Washington Ave, St Louis, MO, 63101, USA
6300 Clayton Road, St Louis, MO, 63117, USA
2810 North 9th Street, St Louis, MO, 63147, USA
3101 Rider Trail South, St Louis, MO, 63044, USA
1970 Craig Road, St Louis, MO, 63146, USA
3500 Russell Boulevard, St Louis, MO, 63104, USA
1100 Lumiere Blvd, St Louis, MO, 63102, USA
5915 Wilson Avenue, St Louis, MO, 63110, USA
3411 Olive, St Louis, MO, 63103, USA
10820 Pear Tree Lane, St Louis, MO, 63074, USA
1855 Craigshire Road, St Louis, MO, 63146, USA
8011 Galleria Parkway, St Louis, MO, 63117, USA
191 Westport Plaza, St Louis, MO, 63146, USA
6921 S Lindbergh Blvd, St Louis, MO, 63125, USA
10709 Watson Rd., St Louis, MO, 63127, USA
1580 South Kirkwood Road, St Louis, MO, 63127, USA
10490 Natural Bridge Road, St Louis, MO, 63134, USA
2111 Sulphur Avenue, St Louis, MO, 63139, USA
3654 South Lindbergh Boulevard, St Louis, MO, 63127, USA
3099 Rider Trail South , St Louis, MO, 63044, USA
4505 Woodson Road, St Louis, MO, 63134, USA
1335 South Lindbergh Boulevard, St Louis, MO, 63131, USA
900 Westport Plaza, St Louis, MO, 63146, USA
7750 CARONDELET AVENUE, St Louis, MO, 63105, USA
4630 Lindell Boulevard, St Louis, MO, 63108, USA
4450 Evans Place, St Louis, MO, 63134 , USA
7730 Bonhomme Avenue, St Louis, MO, 63105, USA
1973 Craigshire Road, St Louis, MO, 63146, USA
10 Benton Place, St Louis, MO, 63104, USA
10232 Natural Bridge Road, St Louis, MO, 631341, USA
12161 Lackland Road, St Louis, MO, 63146, USA
920 S. TAYLOR AVENUE, St Louis, MO, 63110, USA
1815 Lafayette Avenue, St Louis, MO, 63104, USA
4576 Woodson Road, St Louis, MO, 63134, USA
4398 Hoffmeister Ave, St Louis, MO, 63125, USA
2030 Craig Road, St Louis, MO, 63146, USA
3716 Grandel Square, St Louis, MO, 63108, USA
1405 Dunn Road, St Louis, MO, 63138, USA
3250 Rider Trail South, St Louis, MO, 63045, USA
901 N 1st St 901, St Louis, MO, 63102, USA
9798 Saint Charles Rock Road, St Louis, MO, 63114, USA
8040 CLAYTON ROAD RICHMOND HEIGHTS, St Louis, MO, 63117, USA
2625 Lafayette Ave, St Louis, MO, 63104, United States
3730 South Lindbergh Boulevard, St Louis, MO, 63127, USA
3400 Rider Trail South, St Louis, MO, 63045, USA
11837 Lackland Road, St Louis, MO, 63146, USA
6602 South Lindbergh Boulevard, St Louis, MO, 63123, USA
4545 Woodson Road, St Louis, MO, 63134, USA
13639 Riverport Dr, St Louis, MO, 63043, USA
2712 S Compton Ave, St Louis, MO, 63118, USA
100 Carondelet Plaza, St. Louis, MO 63105